ten_quan,dia_chi,gio
Ghiền Mồi bén & Bia,"209 Hoàng Sa, Tân Định",15:30-1:00
Hải Sản Quý Dậu - Quán nhậu quận 1,"147 Hoàng Sa, Tân Định",15:00-2:00
Quán Nhà,"42 Võ Văn Kiệt, Bến Thành",16:30-4:00
Quán Nhậu 25 Hoàng Sa,"23 Hoàng Sa, Sài Gòn",11:00-21:00
Quán Nhậu Hùng 33,"111C Hoàng Sa, Tân Định, Hồ Chí Minh 700000",11:00-5:00
Quán Vỹ Dạ,"62 Lý Tự Trọng, Bến Thành","6:00-13:00, 16:00-1:00"
Quán nhậu Bờ kè 231 Hoàng Sa - Lẩu & Nướng,"231 Hoàng Sa, Tân Định",14:00-0:00
Quán nhậu Dí Tới,"195 Hoàng Sa, Quận 1, Hồ Chí Minh 00700",16:00-5:00
Quán nhậu Xóm,"10 Pasteur, Sài Gòn, Hồ Chí Minh 700000",16:00-3:00
Quán Ụt Ụt - Bến Thành,"168 Võ Văn Kiệt, Bến Thành, Hồ Chí Minh 70000",11:00-22:30
Thoáng Beer Garden,"45 Đinh Tiên Hoàng, Sài Gòn, Hồ Chí Minh 700000",6:00-23:00 (T2-T7)
Tùng 33 Bê Thui,"Hoàng Sa, Tân Định, Hồ Chí Minh 70000",15:00-3:00
B3 beer,"6 Ngô Thời Nhiệm, Quận 3, Hồ Chí Minh 700000",17:00-23:30
Ghiền Quán (Bàn Cờ),"318 Đ. Nguyễn Thiện Thuật, Bàn Cờ",11:00-0:00
Gió Biển - Quán Nhậu Bình Dân,"122B Rạch Bùng Binh, Nhiêu Lộc",16:00-4:00
Gu - Nhậu đúng chất (Trường Sa),"772 Trường Sa, Nhiêu Lộc",11:30-23:30
MEN Quán - Khoái Mồi & Mê Bia,"691 Hoàng Sa, Xuân Hòa, Hồ Chí Minh 70000",16:00-1:00
Nhà Hàng Lúa Về - Quán Nhậu Ngon Trường Sa,"812 Trường Sa, Nhiêu Lộc",10:00-2:00
Quán Hải Sản 207,"207B Đ. Lê Văn Sỹ, Nhiêu Lộc, Hồ Chí Minh 700000",14:00-2:00
Quán Đô Bất Tử - Lý Sơn,"875 Hoàng Sa, Nhiêu Lộc",10:00-1:30
Rakuen Hotpot,"483 Đ. Lê Văn Sỹ, Nhiêu Lộc",10:00-22:30
The Street Lê Văn Sỹ,"411 Đ. Lê Văn Sỹ, Nhiêu Lộc, Hồ Chí Minh 70000",11:15-2:00
Trạm Hầm Quận 3,"540/17 Cách Mạng Tháng Tám, Nhiêu Lộc",17:00-23:00
Xiên Khè Koozi,"782 Trường Sa, Nhiêu Lộc",14:30-0:00
Ốc Nga 111,"220/111 Đ. Lê Văn Sỹ, Nhiêu Lộc, Hồ Chí Minh 700000",15:00-21:00 (nghỉ CN)
Bia hơi Hà Nội 80A - Bia hơi 80A quận 4,"80A Bến Vân Đồn, Khánh Hội",15:00-23:30
Chilli BBQ Hotpot Restaurant,"232 Đ. Vĩnh Khánh, Khánh Hội",16:00-1:30
Hàng Dương Sakura,"224 Đ. Số 48, Vĩnh Hội",9:00-23:00
Lãng Restaurant,"531 Đ. Vĩnh Khánh, Khánh Hội, Hồ Chí Minh 700000",15:00-4:00
Lẩu Nướng Thuận Việt | lẩu ngon quận 4,"424 Đ. Vĩnh Khánh, Khánh Hội",16:00-23:30
NGUYEN'S - Bến Vân Đồn,"107 Bến Vân Đồn, Khánh Hội",9:00-1:00
Quán Bé Ốc,"58/44 Đ. Vĩnh Khánh, Khánh Hội",15:00-0:00
Quán Nhà Sàn,"192-194 Đ. Số 48, Vĩnh Hội, Hồ Chí Minh 700000",10:00-22:00
Quán Nướng Chị Hai,"1/10 Hoàng Diệu, Xóm Chiếu",17:00-1:30
Quán Ốc Sóc,"D58 Hoàng Diệu, Khu Tái Thiết, Khánh Hội",16:00-22:00
Quán Ốc Thảo Quận 4,"383 Đ. Vĩnh Khánh, Khánh Hội, Hồ Chí Minh 72800",24/7
Quán Ốc Vũ,"37 Đ. Vĩnh Khánh, Khánh Hội",11:00-6:00
TRẠM NƯỚNG BBQ,"122 Đ. Vĩnh Khánh, Khánh Hội",17:00-0:30
"Thế Giới Bò - Nướng, Sốt và Lẩu","6 Đ. Vĩnh Khánh, Khánh Hội, Hồ Chí Minh 700000",14:30-0:30
TỚI BẾN FOOD & BEER,"173 Bến Vân Đồn, Khánh Hội, Hồ Chí Minh 008428",16:00-8:00
Ốc Oanh,"534 Đ. Vĩnh Khánh, Khánh Hội, Hồ Chí Minh 700000",13:00-3:00
Lẩu cá đuối q5 | Quán nhậu q5,"28 Nguyễn Biểu, Chợ Quán",15:00-0:00
Ngưu Ma Vương - Lẩu bò tươi,"89 Nguyễn Tri Phương, An Đông, Hồ Chí Minh 700000",11:00-0:00
Nhà hàng Hải Sản Biển Dương 1 - Nguyễn Tri Phương,"101-105 Nguyễn Tri Phương, An Đông, Hồ Chí Minh 70000",10:00-3:00
Quán 543,"543 An Dương Vương, An Đông",9:30-2:00
Quán Hải Sản 04,"4 Đ. Lý Thường Kiệt, Chợ Lớn",9:00-22:30
Quán hải sản 157 Nguyễn Tri Phương,"157 Nguyễn Tri Phương, An Đông",10:30-0:00
Quán Ăn Toàn Trí,"21 Hùng Vương, Chợ Quán",10:00-3:00
Sỉn Khô Mực - Quán Nhậu Quận 5,"332 An Dương Vương, Chợ Quán, Hồ Chí Minh 70000",17:00-1:00
Ẩm thực Hải Dương Quán,"118A Đ. Triệu Quang Phục, Chợ Lớn, Hồ Chí Minh 70000",9:00-23:00
NEKO IZAKAYA BAR - Tiệm ăn-nhậu Nhật Bản Quận 6,"291 Đ. Bình Tiên, Bình Tiên, Hồ Chí Minh 70000",16:00-0:00
QUÁN MỘT TÁM MỘT | QUÁN NHẬU NGON QUẬN 6,"181 Đ. Hậu Giang, Bình Tây",10:00-1:00
THE GOAT Food & Beer Quận 6,"178/3 Đ. Hậu Giang, Bình Tây, Hồ Chí Minh 70000",15:30-1:30
2K quán - Bia hơi quận 7,"3 Bế Văn Cấm, Tân Hưng, Hồ Chí Minh 700000",16:00-1:00
BIA HƠI QUẬN 7 | KIÊN BÉO,"35 Đường Số 9, Tân Hưng, Hồ Chí Minh 700000",11:30-23:30
Bò Tơ Quán Mộc 43-45 Nguyễn Thị Thập,"45 Nguyễn Thị Thập, KĐT Him Lam, Tân Hưng, Hồ Chí Minh 700000",10:00-23:00
Bò tơ Nhân Phát - 451 Nguyễn Thị Thập,"451 Nguyễn Thị Thập, Tân Hưng, Hồ Chí Minh 756600",11:00-23:00
Hải Sản Hoàng Gia CN Nguyễn Thị Thập,"103A Nguyễn Thị Thập, Tân Mỹ, Hồ Chí Minh 72908",7:00-21:00
Izakaya Unatoto Nguyễn Thị Thập,"70 Nguyễn Thị Thập, Tân Thuận, Hồ Chí Minh 72914",11:00-22:00
Minh Ngọc Quán | Quán ngon Nguyễn Thị Thập,"65 Nguyễn Thị Thập, Tân Mỹ",10:00-22:00
Quán Ăn Tân Hồ,"362 Nguyễn Thị Thập, Tân Hưng",16:00-6:00
Trạm Nướng | Nhà Hàng 39 Quận 7,"2 Đường số 39, Tân Thuận, Hồ Chí Minh 72914",9:00-23:30
Bò Béo Quận 8,"32 Đ. Châu Thị Hóa, Chánh Hưng, Hồ Chí Minh 73050",7:00-0:00
Quán Nhậu Ngon Quận 8 | Tiệm Bia Lộc Phát,"607 Tạ Quang Bửu, Chánh Hưng, Hồ Chí Minh 73018",16:00-21:00
OK Bò - Lý Thường Kiệt (Khô & Beer Quận 10),"262 Đ. Lý Thường Kiệt, Diên Hồng, Hồ Chí Minh 72500",17:00-2:00
Quán Bia Bao Cấp Quận 10,"62-64 Đ. Đồng Nai, Hòa Hưng, Hồ Chí Minh 10000",17:00-1:00
Quán Nghèo,"434/14 Nguyễn Tri Phương, Vườn Lài",16:30-21:30
Quán Nướng 2H | Quán Nhậu Q10,"002 Lô F Chung Cư 95 Bắc Hải, Hòa Hưng, Hồ Chí Minh 700910",14:00-0:00
Quán Sáu Dũng,"490/3 Nguyễn Tri Phương, Vườn Lài",15:30-23:30
Quán Tư Lang | Quán Nhậu Ngon Quận 10,"67 Trường Sơn, Hòa Hưng",11:00-3:00
Tới Nóc - Bia Lạnh & Mồi Bén Q10,"c30 Đ. Thành Thái, Diên Hồng, Hồ Chí Minh 70000",17:00-2:00
Lò Đất BBQ,"396 Đ. Minh Phụng, Bình Thới",16:00-23:00
Quán Nghĩa Phát 20,"20 Đ. Lữ Gia, Phú Thọ",9:00-23:00
Tiệm Bia Phú Thọ | Quán Nhậu Ngon Quận 11,"2 Đ. Lữ Gia, Phú Thọ",10:00-0:30
Chicken Talk - Nguyễn Ảnh Thủ Quận 12,"Đ. Nguyễn Ảnh Thủ/190 Đ. Thới Tam Thôn 17, Đông Thạnh, Hồ Chí Minh 71707",11:00-23:00
GoGi House Nguyễn Ảnh Thủ - Hiệp Thành,"11-21A Đ. Nguyễn Ảnh Thủ, Tân Thới Hiệp, Hồ Chí Minh 700000",11:00-22:00
Kichi Kichi Nguyễn Ảnh Thủ,"154/6B Đ. Nguyễn Ảnh Thủ, Trung Mỹ Tây, Hồ Chí Minh 70000",11:00-22:00
QUÁN 74 QUẬN 12,"39 Đ. Song Hành, Đông Hưng Thuận",9:00-22:30
TA LAI Charcoal Grill,"27G8 Đ. DD4, Đông Hưng Thuận, Hồ Chí Minh 70000",16:00-23:00
ẨM THỰC SÂN VƯỜN 5.PM,"188/4 Tổ 16 KP2, Thới An",10:00-22:00
248 Trường Sa,"248 Trường Sa, Gia Định, Hồ Chí Minh 70000",10:00-5:00
Bia Tuyết Q9 - Ung Văn Khiêm,"55 Đ. Ung Văn Khiêm, Thạnh Mỹ Tây, Hồ Chí Minh 708300",9:00-23:00
JOKUL BBQ,"491 Đ. Phạm Văn Đồng, Bình Lợi Trung",14:00-2:00
Két - Mồi Ngon Nhậu Đã,"516 Đ. Phạm Văn Đồng, Bình Lợi Trung, Hồ Chí Minh 700000",17:00-1:00
Phố Nướng JOKUL,"439 Đ. Phạm Văn Đồng, Bình Lợi Trung",14:00-2:00
QUÁN 366 | QUÁN NHẬU BÙI ĐÌNH TUÝ,"24F Bùi Đình Tuý, Bình Thạnh, Hồ Chí Minh 700000",10:00-0:00
QUÁN NHẬU NĂM ZUI,"184/3/2A Đ. Nguyễn Xí, Thanh Đa, Bình Thạnh, Hồ Chí Minh 70000",15:00-1:00
Quán Nhậu 256,"256 Nguyễn Gia Trí, Thạnh Mỹ Tây, Hồ Chí Minh 72308",15:00-3:00
Quán Nhậu Ba Hào,"18 Đ. Thanh Đa, Bình Quới",15:00-0:00
Quán Nhậu Bờ Kè - Lucky Beer,"144 Trường Sa, Gia Định, Hồ Chí Minh 700000",11:00-2:00
Quán Tôi | Quán nhậu Nguyễn Văn Đậu,"44 Nguyễn Văn Đậu, Gia Định",24/7
Quán ăn sân vườn Vườn Xoài,"453 Đ. Phạm Văn Đồng, Bình Lợi Trung, Hồ Chí Minh 70000",10:00-21:00
Ghiền Quán (Phan Đình Phùng),"31C Đ. Phan Đình Phùng, Phú Nhuận",11:00-1:30
Gu - Nhậu Đúng Chất,"4 Hoa Lan, Cầu Kiệu, Hồ Chí Minh 78116",11:30-23:30
Làm Tí - Food & Beer,"436 Trường Sa, Cầu Kiệu, Hồ Chí Minh 700000",15:30-23:00
QUÁN NHẬU 63 | QUÁN ỐC BÌNH DÂN PHÚ NHUẬN,"93 Trần Khắc Chân, Đức Nhuận",10:30-0:00
Quán 666 Trường Sa,"666 Trường Sa, Phú Nhuận",15:00-23:30
Quán nhậu Út Mai - Bờ kè Trường Sa,"376a Trường Sa, Cầu Kiệu",16:00-5:00
Rạng Chiều Rooftop,"39A Trần Khắc Chân, Cầu Kiệu, Hồ Chí Minh 700000",16:30-0:30
Tình Bạn Quán,"666 Trường Sa, Phú Nhuận",15:00-23:30
Zorro Cafe & Beer,"54A Nguyễn Thị Huỳnh, Phú Nhuận, Hồ Chí Minh 72206",7:00-23:30
A2 Quán - Quán nhậu bình dân Tân Bình,"01 Quách Văn Tuấn, Bảy Hiền",6:00-21:00
Bia Hơi Hà Nội Dung Béo | Quán Nhậu Tân Bình,"4 Cửu Long, Tân Sơn Hòa",10:00-1:00
Giang Ghẹ Tân Bình,"680 Trường Chinh, Tân Bình, Hồ Chí Minh 700000",7:00-22:00
Hai Đắc - Hải sản & Lẩu,"305/28 Đ. Lê Văn Sỹ, Tân Sơn Hòa",10:00-22:00
Mây Quán | Quán Nhậu Tân Bình,"36 Đ. Phan Thúc Duyện, Tân Sơn Nhất",11:00-23:00
Nhà Hàng Biển Đông 10,"802a Âu Cơ, Tân Bình",9:00-0:00
Nhà Hàng Chang Kang Kung Cộng Hòa,"77 Cộng Hòa, Tân Sơn Nhất",10:30-21:00
Nhà Hàng Cơm Niêu Việt Nam,"234 Cộng Hòa, Bảy Hiền, Hồ Chí Minh 72111",10:00-22:30
Nhà hàng MANMARU - Sài Gòn 300A Lê Văn Sỹ,"300A Đ. Lê Văn Sỹ, Tân Sơn Hòa",11:00-23:00
Nhà hàng Quá Ngon,"306-308 Đ. Lê Văn Sỹ, Tân Sơn Hòa, Hồ Chí Minh 700000",9:00-0:00
OM Nướng - Tân Bình,"147 C12, Tân Bình, Hồ Chí Minh 700000",16:30-23:45
Quán Hằng | quán nhậu bình dân Tân Bình,"6c Thái Thị Nhạn, Bảy Hiền, Hồ Chí Minh 700000",10:00-23:00
Quán Long Mập | Quán Nhậu Ngon Tân Bình,"53 Thăng Long, Tân Sơn Nhất, Hồ Chí Minh 700000",24/7
Quán thỏ Mạnh Quý,"191 Hoàng Hoa Thám, Tân Bình",9:00-23:00
Tri Ky Goat Hotpot (Lẩu dê Tri Kỷ),"343 Đ. Lê Văn Sỹ, Tân Sơn Hòa, Hồ Chí Minh 700000",10:00-23:00
Xie Xìe Hotpot Dimsum,"502-504 Cộng Hòa, Tân Bình, Hồ Chí Minh 72110",9:00-22:00
Đặc Khu Ăn Nhậu,"1L Bình Giã, Tân Bình, Hồ Chí Minh 736300",15:00-23:00
Đệ Nhất Heo Tộc Quay Lu Chặt Mẹt,"306 Đ. Lê Văn Sỹ, Tân Sơn Hòa",9:30-23:00
GU Bình Dân - Tây Thạnh Tân Phú,"99 Đường Tây Thạnh, Tây Thạnh",16:00-2:00
Quán Nhậu Cậu Boss,"256 Đường Tây Thạnh, Tây Thạnh, Hồ Chí Minh 70000",16:00-3:00
Bia Sệt Những Người Bạn - Bình Tân,"2 Đường 43/Số 11 Đ Số 34, An Lạc",10:00-22:00
Buffet 123K Nướng Ngon - Bình Tân,"95b Mã Lò, Bình Trị Đông",16:00-22:00
Dê Tươi Tên Lửa 2,"19-23 Đ. Số 1, An Lạc, Hồ Chí Minh 10000",10:00-23:00
Dê tươi Tên Lửa 210,"210 Đ. Tên Lửa, An Lạc, Hồ Chí Minh 760000",10:00-0:00
HẢI SẢN TƯƠI SỐNG PHÊ | QUÁN NHẬU NGON BÌNH TÂN,"163 Đ. Số 6, An Lạc, Hồ Chí Minh 700000",6:00-21:00
Lẩu Nướng Út Thảo | Lẩu Nướng Bình Tân,"282 Đ. Tên Lửa, An Lạc",15:00-23:00
Mê Nhậu - Bia Hơi Phố Cổ,"289 Đ. Tên Lửa, An Lạc",16:00-1:00
Nhậu Tới Bến | Quán Nhậu Ngon Bình Tân,"24 Đ. Tên Lửa, KP1, An Lạc",24/7
Panda Tên Lửa,"68 Đường số 7, An Lạc",16:00-22:30
Quán Ăn Ao Ba,An Lạc,6:00-19:00
Quán Ăn Gia Đình 92,"92 Đ. Tên Lửa, An Lạc",11:00-23:00
Quán Ốc Bãi Xe Tư Hằng,"118 Đường Số 29, An Lạc, Hồ Chí Minh 700000",10:00-3:00
THE COFFEE HOUSE 1979 | QUÁN NHẬU BÌNH TÂN,"99-89 Đ. Phan Anh, Bình Trị Đông",6:00-23:00
Tên Lửa BBQ Buffet,"500 Đ. Tên Lửa, An Lạc, Hồ Chí Minh 700000",9:00-21:00
Xíu Cua Quán,"461 Đ. Tên Lửa, An Lạc",15:00-0:00
Ẩm Thực Liên Khu Quán | Quán Nhậu Bình Dân Bình Tân,"34/38 Liên Khu 4-5, Khu Phố 5",8:00-23:00
Ốc Hào,"221 Đường Số 29, An Lạc",9:00-2:00
Ốc Phê 30k,"251 Đ. Tên Lửa, An Lạc",—
Ốc Phố Tên Lửa,"167 Đ. Tên Lửa, An Lạc, Hồ Chí Minh 700000",—
Ốc Su,"131 Đ. Tên Lửa, An Lạc",—
Ốc Đạt (241 Tên Lửa),"241 Đ. Tên Lửa, An Lạc",—
Bò chảo - Lẩu tá lả Thủ Đức,"959c Kha Vạn Cân, Linh Xuân, Hồ Chí Minh 700000",11:00-23:00
Dê Núi Hoa Cà,"403 Kha Vạn Cân, Hiệp Bình, Hồ Chí Minh 71300",9:00-22:30
HẢI SẢN KIÊN GIANG | QUÁN NHẬU NGON THỦ ĐỨC,"1300 Đ. Phạm Văn Đồng, Linh Xuân",15:00-3:00
Hải sản Út Linh 1,"529 Kha Vạn Cân, Thủ Đức, Hồ Chí Minh 700000",24/7
JITO BEER GARDEN,"26 Bác Ái, Thủ Đức, Hồ Chí Minh 71300",7:30-23:00
Lá đỏ quán,"423 Kha Vạn Cân, Hiệp Bình",24/7
Lẩu bò Nhà Gỗ Sài Gòn,"467 Kha Vạn Cân, Thủ Đức",11:30-23:30
Mê Nướng | Lẩu & Nướng Thủ Đức | Quán Nhậu Thủ Đức,"120 Dương Đình Hội, Phước Long, Hồ Chí Minh 700000",11:00-23:00
Nhà Hàng Hải Sản Thiên Nhiên,"1072 Kha Vạn Cân, Thủ Đức, Hồ Chí Minh 700000",7:30-23:00
Panda BBQ (Phạm Văn Đồng),"600 Đ. Phạm Văn Đồng, KP3, Hiệp Bình",—
Quán Bạn Tôi,"226/25 Đ. Số 8, Linh Xuân",9:00-22:00
Quán Nhậu Tư Ếch,"62a Đường số 47, Hiệp Bình, Hồ Chí Minh 720300",14:00-0:00
Quán nhậu Tới Bến,"7 Số 8, Thủ Đức",10:00-1:30
VƯỜN ẨM THỰC ĐỒNG QUÊ | QUÁN NHẬU LINH ĐÔNG,"15/1 Đường Số 37, Thủ Đức, Hồ Chí Minh 70000",10:00-23:00
503 FOOD GARDEN - 35 Phạm Văn Đồng,"35 Đ. Phạm Văn Đồng, Gò Vấp",15:00-3:00
BA GÁC Vietnamese Grill & Beer Garden Quang Trung,"1 Quang Trung, Gò Vấp",16:00-0:00
Chú Em Quán 2 | quán nhậu đêm Gò Vấp,"487 Nguyễn Văn Khối, Thông Tây Hội",16:00-3:00
GABIA Quán - Quán nhậu Gò Vấp,"159 Đ. Phạm Văn Đồng, Hạnh Thông, Hồ Chí Minh 71408",16:30-2:00
Gà nướng lu Việt Hương 2,"20 Đ. Phạm Văn Đồng, Hạnh Thông",9:30-23:10
Khói quán (Quang Trung),"1040 Quang Trung, Thông Tây Hội",14:00-1:00
Lò đất BBQ Gò Vấp,"922 Quang Trung, Thông Tây Hội, Hồ Chí Minh 710000",16:00-23:00
One Garden,"181 Quang Trung, Gò Vấp",17:00-3:00
QUÁN NHẬU 1900 DN'L | QUÁN NHẬU NGON GÒ VẤP,"96 Đ. Phạm Huy Thông, An Nhơn, Hồ Chí Minh 700000",17:00-4:00
Quán Hà Nội Chất | Quán nhậu Gò Vấp,"86 Đ. Lê Đức Thọ, An Nhơn, Hồ Chí Minh 70000",10:00-2:00
Quán Nhậu 8 Cua,"317, 22 Đ. Thống Nhất, Thông Tây Hội",11:00-23:00
Quán Ốc 447 - Ốc ngon Gò Vấp,"242 Đ. Phạm Văn Đồng, Hạnh Thông, Hồ Chí Minh 700000",17:00-0:00
Quốc Dân Quán - Tiệm Bia Hơi Gò Vấp,"285 Đ. Phạm Văn Đồng, Hạnh Thông, Hồ Chí Minh 10000",16:00-2:00
Tiệm Bia XE LỬA,"196 Đ. Phạm Văn Đồng, Hạnh Thông, Hồ Chí Minh 70000",17:00-0:00
Tiệm Nhà Ốc | Ốc ngon Gò Vấp,"186 Đ. Phạm Văn Đồng, Hạnh Thông, Hồ Chí Minh 71400",16:00-1:00
Tá Lả Quán - Quán Ăn Ngon Phạm Văn Đồng,"339 Đ. Phạm Văn Đồng, Hạnh Thông",14:00-2:00
XIÊN HOA LẦU,"525 Quang Trung, Gò Vấp, Hồ Chí Minh 70000",14:00-22:00
Đắng Mà Ghiền - 293 Quang Trung,"293 Quang Trung, Gò Vấp, Hồ Chí Minh 77000",10:30-22:00
Ẩm Thực Phú Hải,"1278 Quang Trung, An Hội Tây",9:00-23:00
Ốc Đêm Chú Em | Quán Nhậu Gò Vấp,"167 Đ. Phạm Huy Thông, An Nhơn, Hồ Chí Minh 700000",16:00-3:00
KHÓI Quán - Nhà hàng nhà bè,"Hẻm 1168 Lê Văn Lương, Nhà Bè",10:00-23:00
Quán Ăn Dê Đồng Quê,"B12 Đ. D1, Nhà Bè",11:00-0:00
Ẩm Thực Sân Vườn Hương Quê,"109B Đường Lê Thị Kỉnh, Nhà Bè",9:30-21:00
Nhà hàng quán nhậu Hóc Môn | Bia tuyết Cây Xoài,"108H Đ. Song Hành, Trung Chánh, Hóc Môn, Hồ Chí Minh 71717",8:00-23:00
Tới Bến Quán,"232 Đ. Song Hành, Hóc Môn",15:00-3:00
Ẩm Thực Kiên Phát 1 | Quán Nhậu Bình Dân Hóc Môn,"47/5E Đ. Song Hành, Trung Chánh, Bà Điểm",15:30-1:30
Hệ thống Lẩu dê 404 Bình Chánh - KDC Trung Sơn,"110 Đ. số 9A, Bình Hưng, Hồ Chí Minh 700000",10:00-23:00
Lẩu cua đồng Hoa Phượng,"31 Số 4, KDC Trung Sơn, Bình Hưng",11:00-22:30
Nhà Hàng Làng Ta (Trung Sơn),"1a Đ. Số 11, KDC Trung Sơn, Bình Hưng",9:00-22:00
Nhà Hàng Win Win | Hầm Rượu Trung Sơn,"146 Đường Số 1, KDC Trung Sơn, Bình Hưng, Hồ Chí Minh 70000",10:00-0:00
OM Nướng - Trung Sơn,"Vòng xoay Trung Sơn, KDC Trung Sơn, Bình Hưng, Hồ Chí Minh 70000",16:30-23:45
Omely Restaurant,"104-108 Đ. số 9A, KDC Trung Sơn, Bình Hưng",7:00-22:00
Ẩm Thực Tây Đô (Trung Sơn),"41-45 Đ. số 9A, KDC Trung Sơn, Bình Hưng, Hồ Chí Minh 700000",10:30-23:00
Quán Nhậu 68 | Quán Nhậu Ngon Củ Chi,"38 Ấp Đ. Số 93, Củ Chi",10:00-22:00
Quán Nhậu C3,"104 HL2, Ấp, Củ Chi",6:00-21:00
Quán nhậu 2 xan,Củ Chi,7:00-22:00
CÁT BIỂN QUÁN (SÁU NHỎN),"23/1 Giồng Ao, Cần Giờ",6:00-21:00
Nhà hàng Duyên Hải Cần Giờ,"551/2 Tắc Xuất, Cần Giờ",7:00-22:00
Quán Song Chi,"Duyên Hải, Cần Giờ",9:00-20:00
